{
  "activateSkinCapeForUserVersion": false,
  "skipHashsumValidation": false,
  "additionalFiles": [
    {
      "sha1": "c649df7e8dfbff5b8e571f5a37a0cb755119eb77",
      "size": 16166247,
      "path": "libraries/net/minecraft/client/1.18.2-20220404.173914/client-1.18.2-20220404.173914-srg.jar",
      "url": "http://res.tlauncher.org/unb/libraries/cache/net/minecraft/client/1.18.2-20220404.173914/client-1.18.2-20220404.173914-srg.jar"
    },
    {
      "sha1": "2b8907919c1d51fda0b2ace0eba8a8b73855198f",
      "size": 10909711,
      "path": "libraries/net/minecraft/client/1.18.2-20220404.173914/client-1.18.2-20220404.173914-slim.jar",
      "url": "http://res.tlauncher.org/unb/libraries/cache/net/minecraft/client/1.18.2-20220404.173914/client-1.18.2-20220404.173914-slim.jar"
    },
    {
      "sha1": "a661c6a55a0600bd391bdbbd6827654c05b2109c",
      "size": 6716693,
      "path": "libraries/net/minecraft/client/1.18.2-20220404.173914/client-1.18.2-20220404.173914-mappings.txt",
      "url": "http://res.tlauncher.org/unb/libraries/cache/net/minecraft/client/1.18.2-20220404.173914/client-1.18.2-20220404.173914-mappings.txt"
    },
    {
      "sha1": "52e1b15676c03b5e1b769f5bd7d89426e9807c89",
      "size": 9349972,
      "path": "libraries/net/minecraft/client/1.18.2-20220404.173914/client-1.18.2-20220404.173914-extra.jar",
      "url": "http://res.tlauncher.org/unb/libraries/cache/net/minecraft/client/1.18.2-20220404.173914/client-1.18.2-20220404.173914-extra.jar"
    },
    {
      "sha1": "43e161976733712f39bf4c5383dd5743a10752b1",
      "size": 2528961,
      "path": "libraries/net/minecraftforge/forge/1.18.2-40.1.80/forge-1.18.2-40.1.80-universal.jar",
      "url": "http://res.tlauncher.org/unb/libraries/cache/net/minecraftforge/forge/1.18.2-40.1.80/forge-1.18.2-40.1.80-universal.jar"
    },
    {
      "sha1": "af3f78c12efae8d19a0e411aabc0a655a9a5154d",
      "size": 5117239,
      "path": "libraries/net/minecraftforge/forge/1.18.2-40.1.80/forge-1.18.2-40.1.80-client.jar",
      "url": "http://res.tlauncher.org/unb/libraries/cache/net/minecraftforge/forge/1.18.2-40.1.80/forge-1.18.2-40.1.80-client.jar"
    },
    {
      "sha1": "a0e12c8a0526791f1a7840d3b1c4fc061c6bd30f",
      "size": 109983,
      "path": "libraries/net/minecraftforge/fmlcore/1.18.2-40.1.80/fmlcore-1.18.2-40.1.80.jar",
      "url": "http://res.tlauncher.org/unb/libraries/cache/net/minecraftforge/fmlcore/1.18.2-40.1.80/fmlcore-1.18.2-40.1.80.jar"
    },
    {
      "sha1": "90438da2d8de451a793fc69d3c343ebc5bc401e1",
      "size": 16291,
      "path": "libraries/net/minecraftforge/javafmllanguage/1.18.2-40.1.80/javafmllanguage-1.18.2-40.1.80.jar",
      "url": "http://res.tlauncher.org/unb/libraries/cache/net/minecraftforge/javafmllanguage/1.18.2-40.1.80/javafmllanguage-1.18.2-40.1.80.jar"
    },
    {
      "sha1": "8771f610fa019b272803538ce71f77409082691f",
      "size": 4986,
      "path": "libraries/net/minecraftforge/mclanguage/1.18.2-40.1.80/mclanguage-1.18.2-40.1.80.jar",
      "url": "http://res.tlauncher.org/unb/libraries/cache/net/minecraftforge/mclanguage/1.18.2-40.1.80/mclanguage-1.18.2-40.1.80.jar"
    },
    {
      "sha1": "f81c79807d6b57938f2169b01f403ff103f3ed50",
      "size": 7382,
      "path": "libraries/net/minecraftforge/lowcodelanguage/1.18.2-40.1.80/lowcodelanguage-1.18.2-40.1.80.jar",
      "url": "http://res.tlauncher.org/unb/libraries/cache/net/minecraftforge/lowcodelanguage/1.18.2-40.1.80/lowcodelanguage-1.18.2-40.1.80.jar"
    }
  ],
  "tlauncherVersion": 0,
  "source": "local_version_repo",
  "skinVersion": false,
  "updatedTime": "2022-02-28T03:42:56+02:00"
}